{"cameraMode":{"drawMode":0,"name":"Shaded","section":"Shading Mode"},"sceneLighting":true,"audioPlay":false,"sceneViewState":{"m_AlwaysRefresh":false,"showFog":true,"showSkybox":true,"showFlares":true,"showImageEffects":true,"showParticleSystems":true,"showVisualEffectGraphs":true,"m_FxEnabled":true},"in2DMode":false,"pivot":{"x":507.05279541015627,"y":17.579975128173829,"z":414.29278564453127},"rotation":{"x":0.0009215258760377765,"y":-0.9391310214996338,"z":-0.0025274090003222229,"w":-0.3435632586479187},"size":0.8660253882408142,"orthographic":false}