{"cameraMode":{"drawMode":0,"name":"Shaded","section":"Shading Mode"},"sceneLighting":true,"audioPlay":false,"sceneViewState":{"m_AlwaysRefresh":false,"showFog":true,"showSkybox":true,"showFlares":true,"showImageEffects":true,"showParticleSystems":true,"showVisualEffectGraphs":true,"m_FxEnabled":true},"in2DMode":false,"pivot":{"x":491.61444091796877,"y":12.356019020080567,"z":529.3975830078125},"rotation":{"x":0.024300623685121537,"y":-0.9039881229400635,"z":0.42371514439582827,"w":0.0518483966588974},"size":12.12435531616211,"orthographic":false}